{
  "type": "minecraft:crafting_shaped",
  "pattern": [
    "IXI",
    "GCG",
    "IPI"
  ],
  "key": {
    "C": {
      "item": "ue_addons:andesite_machine"
    },
    "G": {
      "tag": "forge:glass"
    },
    "I": {
      "tag": "minecraft:planks"
    },
    "P": {
      "item": "thermal:redstone_servo"
    },
    "X": {
      "item": "create:fluid_pipe"
    }
  },
  "result": {
    "item": "thermal:device_tree_extractor"
  },
  "conditions": [
    {
      "flag": "device_tree_extractor",
      "type": "thermal:flag"
    }
  ]
}