{
  "type": "minecraft:crafting_shaped",
  "pattern": [
    "IXI",
    "GCG",
    "IPI"
  ],
  "key": {
    "C": {
      "item": "ue_addons:copper_machine"
    },
    "G": {
      "tag": "forge:glass"
    },
    "I": {
      "tag": "forge:ingots/copper"
    },
    "P": {
      "item": "thermal:redstone_servo"
    },
    "X": {
      "item": "minecraft:iron_trapdoor"
    }
  },
  "result": {
    "item": "thermal:device_water_gen"
  },
  "conditions": [
    {
      "flag": "device_water_gen",
      "type": "thermal:flag"
    }
  ]
}