{
  "type": "minecraft:crafting_shaped",
  "pattern": [
    "IXI",
    "GCG",
    "IPI"
  ],
  "key": {
    "C": {
      "item": "thermal:machine_frame"
    },
    "G": {
      "tag": "forge:glass"
    },
    "I": {
      "tag": "forge:ingots/tin"
    },
    "P": {
      "item": "thermal:redstone_servo"
    },
    "X": {
      "item": "ue_addons:enderium_mechanism"
    }
  },
  "result": {
    "item": "thermal:device_collector"
  },
  "conditions": [
    {
      "flag": "device_collector",
      "type": "thermal:flag"
    }
  ]
}