{
  "type": "minecraft:crafting_shaped",
  "pattern": [
    "WXW",
    "GCG",
    "WPW"
  ],
  "key": {
    "C": {
      "item": "ue_addons:andesite_machine"
    },
    "G": {
      "tag": "forge:glass"
    },
    "P": {
      "item": "thermal:rf_coil"
    },
    "X": {
      "item": "ue_addons:lumium_mechanism"
    },
    "W": {
      "tag": "minecraft:planks"
    }
  },
  "result": {
    "item": "thermal:device_soil_infuser"
  },
  "conditions": [
    {
      "flag": "device_soil_infuser",
      "type": "thermal:flag"
    }
  ]
}