{
  "type": "minecraft:crafting_shaped",
  "pattern": [
    "III",
    "GCG",
    "XPX"
  ],
  "key": {
    "C": {
      "item": "minecraft:crafting_table"
    },
    "G": {
      "tag": "forge:glass"
    },
    "I": {
      "tag": "forge:ingots/iron"
    },
    "P": {
      "item": "thermal:rf_coil"
    },
    "X": {
      "item": "create:andesite_casing"
    }
  },
  "result": {
    "item": "thermal:tinker_bench"
  },
  "conditions": [
    {
      "flag": "tinker_bench",
      "type": "thermal:flag"
    }
  ]
}