{
	"credit": "Made with Blockbench",
	"parent": "block/block",
	"textures": {
		"0": "thermal:block/machines/addm",
		"3": "thermal:block/machines/machine_crucible_active",
		"particle": "thermal:block/machines/addm"
	},
	"elements": [
	
		{
			"from": [0, 0, 0],
			"to": [16, 16, 16],
			"faces": {
				"north": {"uv": [0, 0, 16, 16], "texture": "#3"},
				"east": {"uv": [0, 0, 16, 16], "texture": "#0"},
				"south": {"uv": [0, 0, 16, 16], "texture": "#0"},
				"west": {"uv": [0, 0, 16, 16], "texture": "#0"},
				"up": {"uv": [0, 0, 16, 16], "texture": "#0"},
				"down": {"uv": [0, 0, 16, 16], "texture": "#0"}
			}
		}
	]
}