{
  "type": "create:sequenced_assembly",
  "ingredient": {
    "item": "ae2:certus_quartz_dust"
  },
  "loops": 20,
  "results": [
    {
      "item": "ae2:certus_quartz_crystal"
    }
  ],
  "sequence": [
    {
      "type": "create:filling",
      "ingredients": [
        {
          "item": "ae2:certus_quartz_dust"
        },
        {
          "amount": 100,
          "fluid": "minecraft:water",
          "nbt": {}
        }
      ],
      "results": [
        {
          "item": "ae2:certus_quartz_dust"
        }
      ]
    }
  ],
  "transitionalItem": {
    "item": "ae2:certus_quartz_dust"
  }
}