{
    "type": "minecraft:crafting_shapeless",
    "category": "misc",
    "ingredients": [
        {
            "item": "mekanism:module_base"
        },
        {
            "item": "ue_addonsp2:energy_driverexe"
        },
        {
            "item": "mekanism:pellet_polonium"
        },
        {
            "item": "mekanismgenerators:advanced_solar_generator"
        },
        {
            "item": "mekanism:alloy_reinforced"
        }
    ],
    "result": {
        "item": "mekanismgenerators:module_solar_recharging_unit",
        "count": 1
    }
}