{
    "type": "create:mechanical_crafting",
    "key": {
      "N": {
        "item": "minecraft:netherite_boots"
      },
      "W": {
        "item": "mekanism:pellet_polonium"
      },
      "P": {
        "item": "mekanism:hdpe_sheet"
      },
      "X": {
        "item": "mekanism:basic_induction_cell"
      },
      "M": {
        "item": "ue_addons:ultimate_mekanism_mechanism"
      },
      "#": {
        "item": "ue_addonsp2:mek_os"
      }
    },
    "pattern": [
      "PX XP",
      "PW#WP",
      "PMNMP",
      "PM MP",
      "PP PP"
    ],
    "result": {
      "item": "mekanism:mekasuit_boots"
    }
  }