{
  "type": "create:mechanical_crafting",
  "key": {
    "N": {
      "item": "minecraft:netherite_chestplate"
    },
    "W": {
      "item": "mekanism:pellet_polonium"
    },
    "P": {
      "item": "mekanism:hdpe_sheet"
    },
    "X": {
      "item": "mekanism:basic_induction_cell"
    },
    "M": {
      "item": "ue_addons:ultimate_mekanism_mechanism"
    },
    "#": {
      "item": "ue_addonsp2:mek_os"
    }
  },
  "pattern": [
    "PP#PP",
    "PMMMP",
    "WPNPW",
    " PWP ",
    " PXP "
  ],
  "result": {
    "item": "mekanism:mekasuit_bodyarmor"
  }
}