{
  "type": "create:sequenced_assembly",
  "ingredient": {
    "item": "createaddition:zinc_sheet"
  },
  "loops": 1,
  "results": [
    {
      "chance": 570.0,
      "item": "create_connected:control_chip"
    },
    {
      "chance": 8.0,
      "item": "minecraft:redstone"
    },
    {
      "chance": 8.0,
      "item": "create:electron_tube"
    },
    {
      "chance": 5.0,
      "item": "create:golden_sheet"
    },
    {
      "chance": 3.0,
      "item": "minecraft:gold_nugget"
    },
    {
      "chance": 2.0,
      "item": "create:iron_sheet"
    },
    {
      "chance": 2.0,
      "item": "create:crushed_raw_gold"
    },
    {
      "item": "minecraft:quartz"
    },
    {
      "item": "minecraft:compass"
    }
  ],
  "sequence": [
    {
      "type": "create:deploying",
      "ingredients": [
        {
          "item": "create_connected:incomplete_control_chip"
        },
        {
          "item": "create:electron_tube"
        }
      ],
      "results": [
        {
          "item": "create_connected:incomplete_control_chip"
        }
      ]
    },
    {
      "type": "create:deploying",
      "ingredients": [
        {
          "item": "create_connected:incomplete_control_chip"
        },
        {
          "item": "minecraft:redstone"
        }
      ],
      "results": [
        {
          "item": "create_connected:incomplete_control_chip"
        }
      ]
    },
    {
      "type": "create:pressing",
      "ingredients": [
        {
          "item": "create_connected:incomplete_control_chip"
        }
      ],
      "results": [
        {
          "item": "create_connected:incomplete_control_chip"
        }
      ]
    }
  ],
  "transitionalItem": {
    "item": "create_connected:incomplete_control_chip"
  }
}