{
    "type": "crafting_shapeless",
    "ingredients": [{
        "item": "storagenetwork:kabel",
        "count": 1
    }, {
        "item": "minecraft:book",
        "count": 1
    }],
    "result": {
        "type": "forge:nbt",
        "item": "patchouli:guide_book",
        "count": 1,
        "nbt": {
            "patchouli:book": "storagenetwork:network_book"
        }
    },
    "conditions": [
        {
            "values": [
                {
                    "modid": "patchouli",
                    "type": "forge:mod_loaded"
                }
            ],
            "type": "forge:and"
        }
    ]
}